﻿{
  "_title": [ "养猫玩玩" ],
  "_author": [ "于言诺（3406451799）" ],
  "_date": [ "2022/8/17" ],
  "_version": [ "1.0.0" ],
  "_updateDate": [ "2022/8/17" ],
  "_brief": [ "用来与养猫玩玩.yaml一起使用的豹骰mod用牌堆。" ],
  "_keys": [],
  "第一档猫好感": [
    "[$mCatName]歪着头盯着你。你要和它比耐力吗？",
    "[$mCatName]对你仍然充满了戒心。",
    "[$mCatName]无视了你，开始用后腿给自己挠痒痒。",
    "[$mCatName]优雅地跳下桌子但是差点摔了一跤。它装作没有事情发生过。",
    "[$mCatName]优雅地跳下桌子，然后爬到旁边的柜子上开始俯视你。",
    "[$mCatName]打了个哈欠。",
    "[$mCatName]跳到了你腿边。然后开始抱着你的脚玩。简直是在撕咬你的脚趾头。",
    "[$mCatName]趴成了狮身人面像。",
    "[$mCatName]开始舔自己的毛。"
  ],
  "第二档猫好感": [
    "[$mCatName]歪着头盯着你。你要和它比耐力吗？",
    "[$mCatName]趴成了狮身人面像。",
    "[$mCatName]舔了舔自己的爪子，开始洗脸。",
    "[$mCatName]给你表演了一个撅腚式伸懒腰。",
    "[$mCatName]挠了挠你的腿。你打过狂犬疫苗了吗？",
    "[$mCatName]爬到了你的腿上。在你以为它要睡一觉的时候，它在你腿上磨了磨爪子。",
    "[$mCatName]若无其事地掀翻了你的水杯。",
    "[$mCatName]跳下桌子去找吃的了。是的你还没有猫粮有魅力。",
    "[$mCatName]开始舔自己的菊花。"
  ],
  "第三档猫好感": [
    "[$mCatName]歪着头盯着你。你要和它比一比耐力吗？",
    "[$mCatName]在垫子上踩了个奶。",
    "[$mCatName]给你表演了一个撅腚式伸懒腰。",
    "[$mCatName]舔了舔自己的爪子，开始洗脸。",
    "[$mCatName]在你的身边找了个地方团成一团。",
    "[$mCatName]占据了你的床。恭喜你晚上没地方睡了。",
    "[$mCatName]开始上蹿下跳。你的水杯又一次被打翻了。",
    "[$mCatName]爬到了最高的柜子顶上开始俯视你。",
    "[$mCatName]在你面前很少见地趴得露出肚子。"
  ],
  "第四档猫好感": [
    "[$mCatName]歪着头盯着你。你要和它比一比耐力吗？",
    "[$mCatName]颇为放松地在你面前露出了肚子。",
    "[$mCatName]喵了一声。",
    "[$mCatName]踩着你的手臂爬上了你的头。它有点沉。",
    "[$mCatName]把你的手机踩在爪下并且用目光要求你注视着它。",
    "[$mCatName]窝成一团。",
    "[$mCatName]闻了闻你在吃的东西，并嫌弃了一下这个不知道吃好点的人类。",
    "[$mCatName]闻了闻你在吃的东西，并试图上来抢。",
    "[$mCatName]给你叼来了不知道多久前丢失的小东西。"
  ],
  "第五档猫好感": [
    "[$mCatName]歪着头盯着你。你要和它比一比耐力吗？",
    "[$mCatName]舔了舔爪子，觉得自己是世界的主宰。",
    "[$mCatName]思考片刻，决定把你的猪蹄啃下来当晚餐。",
    "[$mCatName]在你的键盘上踩出了一行乱码。",
    "[$mCatName]睡在了你的键盘上。",
    "[$mCatName]跳到你的肩膀上，开始咬你的头发。",
    "[$mCatName]放松地露出了肚子。",
    "[$mCatName]从不知道哪里给你衔来了一张纸。上面写着：“开发者敬所有玩家：本游戏不可能出现花嫁场景。请放弃幻想，重新做人。”",
    "[$mCatName]盯着你手里的鸡肉。你要和它打一场手肘咏春来保卫你的鸡腿。"
  ],
  "第六档猫好感": [
    "[$mCatName]歪头盯着你。你要和它比一比耐力吗？",
    "[$mCatName]跳到了你的腿上。",
    "[$mCatName]放松地露出肚皮，诱惑你来撸它。",
    "[$mCatName]装作听不到你在叫它。",
    "[$mCatName]在柜子顶上俯视着你。",
    "[$mCatName]在挠猫粮袋子。袋子快烂了。",
    "[$mCatName]盯着扫地机器人看，似乎很感兴趣。",
    "[$mCatName]对直奔它而去的扫地机器人炸了毛。",
    "[$mCatName]在你的键盘上睡着了。"
  ]
}